name,city,state,zip,phone,description,detail_url,source
"321 Insurance Services, Inc.",Moreno Valley,CA,92553,9515308900,,https://business.movalchamber.org/list/member/321-insurance-services-inc-3371,movalchamber.org
A Green Alternative,MORENO VALLEY,CA,92553,9515189333,,https://business.movalchamber.org/list/member/a-green-alternative-3466,movalchamber.org
ABM Alpha LLC dba Fastsigns,Moreno Valley,CA,92553,9512431494,,https://business.movalchamber.org/list/member/abm-alpha-llc-dba-fastsigns-3443,movalchamber.org
"ADECCO STAFFING & RECRUITMENT, USA",Moreno Valley,CA,92553,9099425970,,https://business.movalchamber.org/list/member/adecco-staffing-recruitment-usa-3448,movalchamber.org
Adriana's Insurance Services,Moreno Valley,CA,92533,19515744416,,https://business.movalchamber.org/list/member/adriana-s-insurance-services-3590,movalchamber.org
Airwave Communication Enterprise,Moreno Valley,CA,92553,9516565699,,https://business.movalchamber.org/list/member/airwave-communication-enterprise-moreno-valley-1551,movalchamber.org
ALDI Inc.,Moreno Valley,CA,92555,9515305750,,https://business.movalchamber.org/list/member/aldi-inc-moreno-valley-2760,movalchamber.org
All Magic Paint and Body,Moreno Valley,CA,92553,8006162442,,https://business.movalchamber.org/list/member/all-magic-paint-and-body-3019,movalchamber.org
All Solutions Insurance Agency,Moreno Valley,CA,92553,9512472003,"We are a full-service insurance agency. We can provide competitive quotes for: auto, home, mobile home, busines, commercial auto, general liability, commercial property and many more special risk cove",https://business.movalchamber.org/list/member/all-solutions-insurance-agency-1585,movalchamber.org
Amazon.com Services LLC,Moreno Valley,CA,92551,9194546420,,https://business.movalchamber.org/list/member/amazon-com-services-llc-3312,movalchamber.org
American Lady Vets Services Inc.,Moreno Valley,CA,92553,9512084484,,https://business.movalchamber.org/list/member/american-lady-vets-services-inc-2805,movalchamber.org
American Legion Post 574,Moreno Valley,CA,92553,9095768644,,https://business.movalchamber.org/list/member/american-legion-post-574-moreno-valley-3303,movalchamber.org
Angie’s Gorgeous Hair Creations,Moreno Valley,CA,92557,3107097331,,https://business.movalchamber.org/list/member/angie-s-gorgeous-hair-creations-3586,movalchamber.org
Arrive at Rancho Belago,Moreno Valley,CA,92551,7606685019,,https://business.movalchamber.org/list/member/arrive-at-rancho-belago-3265,movalchamber.org
Audio Services LIVE!,Moreno Valley,CA,92557,9518180341,,https://business.movalchamber.org/list/member/audio-services-live-3442,movalchamber.org
Baez Boardgames LLC,Moreno Valley,CA,92557,9519928710,,https://business.movalchamber.org/list/member/baez-boardgames-llc-3489,movalchamber.org
Baja Pescador Inc.,Moreno Valley,CA,92555,7148098107,,https://business.movalchamber.org/list/member/baja-pescador-inc-3437,movalchamber.org
"Baker, James",Moreno Valley,CA,92551,7144206644,,https://business.movalchamber.org/list/member/baker-james-2763,movalchamber.org
Balance Barbershop,Moreno Valley,CA,92555,9512080469,,https://business.movalchamber.org/list/member/balance-barbershop-3578,movalchamber.org
Bear Alignment and Brake,Moreno Valley,CA,92553,9512211788,,https://business.movalchamber.org/list/member/bear-alignment-and-brake-3146,movalchamber.org
Berkshire Hathaway Home Services California Realty,Moreno Valley,CA,92553,9513630315,,https://business.movalchamber.org/list/member/berkshire-hathaway-home-services-california-realty-2871,movalchamber.org
BioLife Plasma Services,Moreno Valley,CA,92553,9514974407,,https://business.movalchamber.org/list/member/biolife-plasma-services-3239,movalchamber.org
BioLife Plasma Services LP,Moreno Valley,CA,92553,9514974407,,https://business.movalchamber.org/list/member/biolife-plasma-services-lp-3469,movalchamber.org
Black Pearl Seafood and Grill,Moreno Valley,CA,92553,9514136950,,https://business.movalchamber.org/list/member/black-pearl-seafood-and-grill-3335,movalchamber.org
Body By Candyfaces Esthetics LLC,Moreno Valley,CA,92553,5103342482,,https://business.movalchamber.org/list/member/body-by-candyfaces-esthetics-llc-3595,movalchamber.org
Bonnie Rodriguez Real Estate With Alta Realty Group,Moreno Valley,CA,92555,9495161877,,https://business.movalchamber.org/list/member/bonnie-rodriguez-real-estate-with-alta-realty-group-3492,movalchamber.org
Breakout Escape Rooms,Moreno Valley,CA,92553,9514444263,,https://business.movalchamber.org/list/member/breakout-escape-rooms-3184,movalchamber.org
Broadstone Rancho Belago,Moreno Valley,CA,92555,9515211881,,https://business.movalchamber.org/list/member/broadstone-rancho-belago-3446,movalchamber.org
Brooke Blake Mobile Notary,Moreno Valley,CA,92551,9093621648,,https://business.movalchamber.org/list/member/brooke-blake-mobile-notary-3307,movalchamber.org
Buffalo Wild Wings,Moreno Valley,CA,92553,9516539464,,https://business.movalchamber.org/list/member/buffalo-wild-wings-3486,movalchamber.org
Building Up Lives Foundation,Moreno Valley,CA,92557,9515505466,,https://business.movalchamber.org/list/member/building-up-lives-foundation-3262,movalchamber.org
Bumpers Driving School,Moreno Valley,CA,92553,9516561305,,https://business.movalchamber.org/list/member/bumpers-driving-school-2855,movalchamber.org
California School Employees Association,Moreno Valley,CA,92552,9516567333,,https://business.movalchamber.org/list/member/california-school-employees-association-moreno-valley-1103,movalchamber.org
Canyon Springs Shopping Center,Moreno Valley,CA,92557,9513690308,,https://business.movalchamber.org/list/member/canyon-springs-shopping-center-moreno-valley-1104,movalchamber.org
"Citrus Escrow, Inc.",Moreno Valley,CA,92553,9514554030,,https://business.movalchamber.org/list/member/citrus-escrow-inc-1721,movalchamber.org
City of Moreno Valley,Moreno Valley,CA,92553,9514133000,,https://business.movalchamber.org/list/member/city-of-moreno-valley-1640,movalchamber.org
CMB Realty Services,Moreno Valley,CA,92553,9515759750,,https://business.movalchamber.org/list/member/cmb-realty-services-3266,movalchamber.org
Coldstone Creamery,Moreno Valley,CA,92551,9512475036,,https://business.movalchamber.org/list/member/coldstone-creamery-1609,movalchamber.org
Consortium For Early Learning Services,Moreno Valley,CA,92557,9517785003,,https://business.movalchamber.org/list/member/consortium-for-early-learning-services-3600,movalchamber.org
Consulto Strategies LLC,Moreno Valley,CA,92553,9498158097,,https://business.movalchamber.org/list/member/consulto-strategies-llc-3477,movalchamber.org
Cross Word Christian Church,Moreno Valley,CA,92557,9512755360,,https://business.movalchamber.org/list/member/cross-word-christian-church-1540,movalchamber.org
"Cupcake and Espresso Bar, The",Moreno Valley,CA,92555,9516012039,,https://business.movalchamber.org/list/member/cupcake-and-espresso-bar-the-2849,movalchamber.org
Dancing Images,Moreno Valley,CA,92553,9512476858,,https://business.movalchamber.org/list/member/dancing-images-1250,movalchamber.org
Dawn Busters Toastmasters Club 2169,Moreno Valley,CA,92553,9517561152,,https://business.movalchamber.org/list/member/dawn-busters-toastmasters-club-2169-3485,movalchamber.org
"Denises Loving Hands Family Childcare, LLC",Moreno Valley,CA,92553,3106860475,,https://business.movalchamber.org/list/member/denises-loving-hands-family-childcare-llc-3410,movalchamber.org
Dental Associates of Moreno Valley,Moreno Valley,CA,92553,9516976800,,https://business.movalchamber.org/list/member/dental-associates-of-moreno-valley-1021,movalchamber.org
"Destiny Home Health, Hospice and Palliative Care",Moreno Valley,CA,92557,9512421365,,https://business.movalchamber.org/list/member/destiny-home-health-hospice-and-palliative-care-1604,movalchamber.org
Discovery Christian Church,Moreno Valley,,92555,9519245002,,https://business.movalchamber.org/list/member/discovery-christian-church-1754,movalchamber.org
Diversified Realty,Moreno Valley,CA,92555,9515673849,,https://business.movalchamber.org/list/member/diversified-realty-3473,movalchamber.org
Doctor's Choice Weight Loss,Moreno Valley,CA,92553,9514886999,,https://business.movalchamber.org/list/member/doctor-s-choice-weight-loss-3429,movalchamber.org
Dr. Deza's Dental Office,Moreno Valley,CA,92553,9516970909,,https://business.movalchamber.org/list/member/dr-deza-s-dental-office-moreno-valley-1677,movalchamber.org
Dr. Martinrex Kedziora,Moreno Valley,CA,92555,9517688686,,https://business.movalchamber.org/list/member/dr-martinrex-kedziora-3412,movalchamber.org
E 320 AIR,Moreno Valley,CA,92555,9097868195,,https://business.movalchamber.org/list/member/e-320-air-3416,movalchamber.org
Edward Jones,Moreno Valley,CA,92518,9514889033,,https://business.movalchamber.org/list/member/edward-jones-1123,movalchamber.org
Elegant Impressions Bakery,Moreno Valley,CA,92551,9516160614,,https://business.movalchamber.org/list/member/elegant-impressions-bakery-3504,movalchamber.org
"Empire Jamaican Restaurant, Empire Caribbean Market",Moreno Valley,CA,92553,2138040768,,https://business.movalchamber.org/list/member/empire-jamaican-restaurant-empire-caribbean-market-3585,movalchamber.org
Equus Workforce Solutions / Moreno Valley Youth Opportunity Center,Moreno Valley,CA,92553,9516531311,,https://business.movalchamber.org/list/member/equus-workforce-solutions-moreno-valley-youth-opportunity-center-1084,movalchamber.org
Fairfield Inn & Suites,Moreno Valley,CA,92553,9515630053,,https://business.movalchamber.org/list/member/fairfield-inn-suites-3054,movalchamber.org
"Fairway Staffing Services, Inc.",Moreno Valley,CA,92553,9518426800,,https://business.movalchamber.org/list/member/fairway-staffing-services-inc-3263,movalchamber.org
Family Service Association,Moreno Valley,CA,92557,9516861096,,https://business.movalchamber.org/list/member/family-service-association-1125,movalchamber.org
Fix Auto Moreno Valley,Moreno Valley,CA,92553,9516563600,,https://business.movalchamber.org/list/member/fix-auto-moreno-valley-1511,movalchamber.org
Floor & Decor,Moreno Valley,CA,92553,9514196001,,https://business.movalchamber.org/list/member/floor-decor-3129,movalchamber.org
Freeway Insurance-The Machado Agency,Moreno Valley,CA,92553,9512289370,,https://business.movalchamber.org/list/member/freeway-insurance-the-machado-agency-3367,movalchamber.org
"Friends of Moreno Valley Senior Center, Inc.",Moreno Valley,,92553,9515186861,,https://business.movalchamber.org/list/member/friends-of-moreno-valley-senior-center-inc-1743,movalchamber.org
Frontline Nutrition,Moreno Valley,CA,92551,9513220720,,https://business.movalchamber.org/list/member/frontline-nutrition-3311,movalchamber.org
GameDay Men's Health Moreno Valley,Moreno Valley,CA,92553,9515964266,,https://business.movalchamber.org/list/member/gameday-men-s-health-moreno-valley-3501,movalchamber.org
GCAM PLASMA,Moreno Valley,CA,92553,9512430220,,https://business.movalchamber.org/list/member/gcam-plasma-3240,movalchamber.org
GEMSI Enterprises LLC,Moreno Valley,CA,92553,9519659330,,https://business.movalchamber.org/list/member/gemsi-enterprises-llc-3575,movalchamber.org
Gold Coast Dental,Moreno Valley,CA,92553,9092000315,,https://business.movalchamber.org/list/member/gold-coast-dental-3353,movalchamber.org
Golden Corral,Moreno Valley,CA,92553,9513691024,,https://business.movalchamber.org/list/member/golden-corral-3369,movalchamber.org
Grifols Biomat,Moreno Valley,CA,92571,9496133533,,https://business.movalchamber.org/list/member/grifols-biomat-3459,movalchamber.org
Grizzly Firearms,Moreno Valley,CA,92553,9514851485,,https://business.movalchamber.org/list/member/grizzly-firearms-3340,movalchamber.org
Hampton Inn & Suites Moreno Valley,Moreno Valley,CA,92553,9515717788,,https://business.movalchamber.org/list/member/hampton-inn-suites-moreno-valley-1395,movalchamber.org
Happy Feet Ultrasound Inc,Moreno Valley,CA,92557,9512211338,,https://business.movalchamber.org/list/member/happy-feet-ultrasound-inc-3270,movalchamber.org
Harbor Freight Tools,Moreno Valley,CA,92553,9512147902,,https://business.movalchamber.org/list/member/harbor-freight-tools-2793,movalchamber.org
"Healthy Heffa, LLC",Moreno Valley,,92555,15622395292,,https://business.movalchamber.org/list/member/healthy-heffa-llc-3404,movalchamber.org
Heart 2 Heart 4 You,Moreno Valley,,,3107435625,,https://business.movalchamber.org/list/member/heart-2-heart-4-you-3060,movalchamber.org
Heavenly Helping Hands Daycare,Moreno Valley,CA,92557,4808232318,,https://business.movalchamber.org/list/member/heavenly-helping-hands-daycare-3275,movalchamber.org
Highland Fairview Properties,Moreno Valley,CA,92555,9518675365,,https://business.movalchamber.org/list/member/highland-fairview-properties-1151,movalchamber.org
Hyundai of Moreno Valley,Moreno Valley,CA,92555,9093160101,,https://business.movalchamber.org/list/member/hyundai-of-moreno-valley-2993,movalchamber.org
Imperial Realty,Moreno Valley,CA,92553,9514852688,,https://business.movalchamber.org/list/member/imperial-realty-3264,movalchamber.org
In The Stitch,Moreno Valley,CA,92557,5625469932,,https://business.movalchamber.org/list/member/in-the-stitch-3392,movalchamber.org
"Inland Empire Autobody & Paint, Inc.",Moreno Valley,CA,92553,9514657350,,https://business.movalchamber.org/list/member/inland-empire-autobody-paint-inc-3155,movalchamber.org
Integrated Care Communities,Moreno Valley,CA,92557,9512433837,,https://business.movalchamber.org/list/member/integrated-care-communities-moreno-valley-1160,movalchamber.org
"iStaffing, Inc.",Moreno Valley,CA,92553,9515021990,,https://business.movalchamber.org/list/member/istaffing-inc-moreno-valley-3327,movalchamber.org
JAR Insurance Services,Moreno Valley,CA,92553,9512436500,,https://business.movalchamber.org/list/member/jar-insurance-services-3505,movalchamber.org
Kaiser Permanente Moreno Valley,Moreno Valley,CA,92555,9512430811,,https://business.movalchamber.org/list/member/kaiser-permanente-moreno-valley-1317,movalchamber.org
Kalaveras Cantina,Moreno Valley,CA,92553,4244447712,,https://business.movalchamber.org/list/member/kalaveras-cantina-3338,movalchamber.org
La Quinta Inn & Suites,Moreno Valley,CA,92553,9514869000,,https://business.movalchamber.org/list/member/la-quinta-inn-suites-1458,movalchamber.org
La Sierra Restaurant Group DBA/Pupuseira la Sierra,Moreno Valley,CA,92557,9512081921,,https://business.movalchamber.org/list/member/la-sierra-restaurant-group-dba-pupuseira-la-sierra-3452,movalchamber.org
Law Office of Michael Geller Inc.,Moreno Valley,CA,92553,9512486455,,https://business.movalchamber.org/list/member/law-office-of-michael-geller-inc-3592,movalchamber.org
LCBBQ,Moreno valley,CA,92553,19512080515,,https://business.movalchamber.org/list/member/lcbbq-3576,movalchamber.org
Les Schwab Tires,Moreno Valley,CA,92553,9514889003,,https://business.movalchamber.org/list/member/les-schwab-tires-2803,movalchamber.org
Light It Up MoVal,Moreno Valley,CA,92553,9512021718,,https://business.movalchamber.org/list/member/light-it-up-moval-3234,movalchamber.org
"Lighthouse Immersive Studios California, Inc",Moreno Valley,CA,92553,2486021880,,https://business.movalchamber.org/list/member/lighthouse-immersive-studios-california-inc-3499,movalchamber.org
LightHouse Social Service Center,Moreno Valley,CA,92551,9518073449,,https://business.movalchamber.org/list/member/lighthouse-social-service-center-1541,movalchamber.org
Magic Brush Car Wash,Moreno Valley,CA,92553,9513870940,,https://business.movalchamber.org/list/member/magic-brush-car-wash-3434,movalchamber.org
MainStay Suites,Moreno Valley,CA,92553,9512473434,,https://business.movalchamber.org/list/member/mainstay-suites-3461,movalchamber.org
Manzanita Village Senior Living,Moreno Valley,CA,92555,4804318087,,https://business.movalchamber.org/list/member/manzanita-village-senior-living-1700,movalchamber.org
March Joint Powers Authority,Moreno Valley,CA,92551,9516567000,,https://business.movalchamber.org/list/member/march-joint-powers-authority-1376,movalchamber.org
Margarita's Grill Restaurant & Catering,Moreno Valley,CA,92553,9519242500,,https://business.movalchamber.org/list/member/margarita-s-grill-restaurant-catering-moreno-valley-1380,movalchamber.org
Marinaj Banquets & Events,Moreno Valley,CA,92553,9518808067,,https://business.movalchamber.org/list/member/marinaj-banquets-events-moreno-valley-3428,movalchamber.org
Marsell Wellness Center Moreno Valley,Moreno Valley,CA,92553,9095040801,,https://business.movalchamber.org/list/member/marsell-wellness-center-moreno-valley-3432,movalchamber.org
Maxwell & Associates R. E. Company,Moreno Valley,CA,92553,9513156849,,https://business.movalchamber.org/list/member/maxwell-associates-r-e-company-3415,movalchamber.org
MCA the Church,Moreno Valley,CA,92555,9518184405,,https://business.movalchamber.org/list/member/mca-the-church-3272,movalchamber.org
Miguel's Jr. Restaurant,Moreno Valley,CA,92553,9516970390,,https://business.movalchamber.org/list/member/miguel-s-jr-restaurant-1645,movalchamber.org
Miller-Jones Mortuary,Moreno Valley,CA,92553,9514854542,,https://business.movalchamber.org/list/member/miller-jones-mortuary-1041,movalchamber.org
MMJEAM Insurance,Moreno Valley,CA,92557,9517425007,,https://business.movalchamber.org/list/member/mmjeam-insurance-3368,movalchamber.org
Monarch-A Realty Affiliated with Keller Williams,Moreno Valley,CA,92553,9515524496,,https://business.movalchamber.org/list/member/monarch-a-realty-affiliated-with-keller-williams-3475,movalchamber.org
Moolah Tax Services,Moreno Valley,CA,92551,9512080288,,https://business.movalchamber.org/list/member/moolah-tax-services-3593,movalchamber.org
Moreno Valley Chamber of Commerce,Moreno valley,CA,92553,9516974404,,https://business.movalchamber.org/list/member/moreno-valley-chamber-of-commerce-1650,movalchamber.org
Moreno Valley College,Moreno Valley,CA,92551,9515716100,,https://business.movalchamber.org/list/member/moreno-valley-college-1248,movalchamber.org
Moreno Valley Dentist,Moreno Valley,CA,92553,9512423441,,https://business.movalchamber.org/list/member/moreno-valley-dentist-3527,movalchamber.org
Moreno Valley Educators Association,Moreno Valley,CA,92557,9514850545,,https://business.movalchamber.org/list/member/moreno-valley-educators-association-1191,movalchamber.org
Moreno Valley Elks Lodge #2697,Moreno Valley,CA,92557,9516834031,,https://business.movalchamber.org/list/member/moreno-valley-elks-lodge-2697-2789,movalchamber.org
Moreno Valley Flower Box,Moreno Valley,CA,92553,9516533171,,https://business.movalchamber.org/list/member/moreno-valley-flower-box-1192,movalchamber.org
Moreno Valley Historical Society,Moreno Valley,CA,92556,9512515372,,https://business.movalchamber.org/list/member/moreno-valley-historical-society-1319,movalchamber.org
Moreno Valley Master Chorale,Moreno Valley,CA,92556,9516821928,,https://business.movalchamber.org/list/member/moreno-valley-master-chorale-1196,movalchamber.org
Moreno Valley United Methodist Church,Moreno Valley,CA,92557,9519246990,,https://business.movalchamber.org/list/member/moreno-valley-united-methodist-church-1383,movalchamber.org
Moreno Valley Utility,Moreno Valley,CA,92552,9514133500,,https://business.movalchamber.org/list/member/moreno-valley-utility-2822,movalchamber.org
Morning Optimist of MV,Moreno Valley,CA,92552,,,https://business.movalchamber.org/list/member/morning-optimist-of-mv-moreno-valley-1203,movalchamber.org
N Style Entertainment & Rentals,Moreno Valley,CA,92555,2018748144,,https://business.movalchamber.org/list/member/n-style-entertainment-rentals-3530,movalchamber.org
NFI Industries,Moreno Valley,CA,92551,7145198315,,https://business.movalchamber.org/list/member/nfi-industries-3284,movalchamber.org
NID HCA Riverside/San Bernardino Counties,Moreno Valley,CA,92553,9513994538,,https://business.movalchamber.org/list/member/nid-hca-riverside-san-bernardino-counties-3349,movalchamber.org
Oakwood Apts,Moreno Valley,CA,92551,9512430800,,https://business.movalchamber.org/list/member/oakwood-apts-moreno-valley-1480,movalchamber.org
Optimum Cleaning Services,Moreno Valley,CA,92551,9514882788,,https://business.movalchamber.org/list/member/optimum-cleaning-services-3347,movalchamber.org
Options for Youth Nonprofit Public Charter School,Moreno Valley,CA,92553,9516533085,,https://business.movalchamber.org/list/member/options-for-youth-nonprofit-public-charter-school-3409,movalchamber.org
Pacific Smile Dental Clinic,Moreno Valley,CA,92551,9519246370,,https://business.movalchamber.org/list/member/pacific-smile-dental-clinic-2852,movalchamber.org
Pacific View Charter School,Moreno Valley,CA,92553,9516971990,,https://business.movalchamber.org/list/member/pacific-view-charter-school-moreno-valley-3422,movalchamber.org
Palm Plaza Management,Moreno Valley,CA,92553,9515439333,,https://business.movalchamber.org/list/member/palm-plaza-management-moreno-valley-1559,movalchamber.org
Pepe's Towing Service,Moreno Valley,CA,92553,9516532423,,https://business.movalchamber.org/list/member/pepe-s-towing-service-3470,movalchamber.org
Perris Flowers #3,Moreno Valley,CA,92553,7143669112,,https://business.movalchamber.org/list/member/perris-flowers-3-3435,movalchamber.org
Perris Isle Senior Apartment,Moreno Valley,CA,92553,9519244070,,https://business.movalchamber.org/list/member/perris-isle-senior-apartment-1370,movalchamber.org
Pop 'N Flavors,Moreno Valley,CA,92553,5627860303,,https://business.movalchamber.org/list/member/pop-n-flavors-3482,movalchamber.org
Powered Through Love,Moreno Valley,CA,92557,3237175285,,https://business.movalchamber.org/list/member/powered-through-love-3411,movalchamber.org
Premier Party Rental,Moreno Valley,CA,92553,9516971101,,https://business.movalchamber.org/list/member/premier-party-rental-moreno-valley-1620,movalchamber.org
"Prime Technologies, LLC",Moreno Valley,CA,92553,19512857288,,https://business.movalchamber.org/list/member/prime-technologies-llc-3399,movalchamber.org
Proctor and Gamble - West Coast Mixing Center,Moreno Valley,CA,92551,9516014100,,https://business.movalchamber.org/list/member/proctor-and-gamble-west-coast-mixing-center-3247,movalchamber.org
Pyramid Home Inspections,Moreno Valley,CA,92553,9515361058,,https://business.movalchamber.org/list/member/pyramid-home-inspections-3112,movalchamber.org
Quick Quack Car Wash,Moreno Valley,CA,92553,8887722792,,https://business.movalchamber.org/list/member/quick-quack-car-wash-moreno-valley-3346,movalchamber.org
Quick Quack Car Wash,Moreno Valley,CA,92553,8887722792,,https://business.movalchamber.org/list/member/quick-quack-car-wash-3014,movalchamber.org
Radiant Life,Moreno Valley,CA,92557,9512423079,,https://business.movalchamber.org/list/member/radiant-life-3559,movalchamber.org
Rados Properties,Moreno Valley,CA,92553,7148354612,,https://business.movalchamber.org/list/member/rados-properties-3500,movalchamber.org
"Rancho Belago Developers, Inc.",Moreno Valley,CA,92555,7608322934,,https://business.movalchamber.org/list/member/rancho-belago-developers-inc-1539,movalchamber.org
Rapid Care Urgent Care,Moreno Valley,CA,92553,9516236228,,https://business.movalchamber.org/list/member/rapid-care-urgent-care-moreno-valley-951-623-6228-3298,movalchamber.org
Realtime Integrated Services Group,Morreno Valley,CA,92555,3234196859,,https://business.movalchamber.org/list/member/realtime-integrated-services-group-3598,movalchamber.org
Realty Masters & Associates,Moreno Valley,CA,92557,9513793760,,https://business.movalchamber.org/list/member/realty-masters-associates-3601,movalchamber.org
Revise Cost Strategies LLC,Moreno Valley,CA,,8402573324,"Refining Expenses, Enhancing Profits",https://business.movalchamber.org/list/member/revise-cost-strategies-llc-3573,movalchamber.org
Rising Stars Business Academy YouthBuild,Moreno Valley,CA,92553,9512466174,,https://business.movalchamber.org/list/member/rising-stars-business-academy-youthbuild-1552,movalchamber.org
Riverside County Department of Waste Resources,Moreno Valley,CA,92583,9514863200,,https://business.movalchamber.org/list/member/riverside-county-department-of-waste-resources-3087,movalchamber.org
Riverside University Health System,Moreno Valley,CA,92555,9514864000,,https://business.movalchamber.org/list/member/riverside-university-health-system-2808,movalchamber.org
Riverside University Health System Foundation,Moreno Valley,CA,92555,9514864000,,https://business.movalchamber.org/list/member/riverside-university-health-system-foundation-1234,movalchamber.org
Roman Window Coverings,Moreno Valley,CA,92551,5624757847,,https://business.movalchamber.org/list/member/roman-window-coverings-moreno-valley-3396,movalchamber.org
ROSS Distribution Center,Moreno Valley,CA,92551,9514895849,,https://business.movalchamber.org/list/member/ross-distribution-center-1424,movalchamber.org
Rotary Club of Moreno Valley,Moreno Valley,CA,92556,,,https://business.movalchamber.org/list/member/rotary-club-of-moreno-valley-1236,movalchamber.org
"Royalty Medical Billing Firm, Inc.",Moreno Valley,CA,92553,8885474744,,https://business.movalchamber.org/list/member/royalty-medical-billing-firm-inc-3299,movalchamber.org
San Bernardino Community College District,Moreno Valley,CA,92555,9515942998,,https://business.movalchamber.org/list/member/san-bernardino-community-college-district-3594,movalchamber.org
San Diego Workforce Innovation High School-Learn4Life,Moreno Valley,CA,92553,6199297460,,https://business.movalchamber.org/list/member/san-diego-workforce-innovation-high-school-learn4life-3514,movalchamber.org
Security Public Storage,Moreno Valley,CA,92553,9512429095,,https://business.movalchamber.org/list/member/security-public-storage-1291,movalchamber.org
Shango Moreno Valley,Moreno Valley,CA,92557,8664742646,,https://business.movalchamber.org/list/member/shango-moreno-valley-3211,movalchamber.org
Sheila's Mobile Notary and Loan Signing,Moreno Valley,CA,92555,9513579773,,https://business.movalchamber.org/list/member/sheila-s-mobile-notary-and-loan-signing-3314,movalchamber.org
"Sigma Beta Xi, Inc",Moreno Valley,CA,92557,9512471700,,https://business.movalchamber.org/list/member/sigma-beta-xi-inc-3418,movalchamber.org
Sizzler Restaurant #671,Moreno Valley,CA,92553,9516768616,,https://business.movalchamber.org/list/member/sizzler-restaurant-671-1487,movalchamber.org
Sky Zone,Moreno Valley,CA,92553,9515822139,,https://business.movalchamber.org/list/member/sky-zone-3588,movalchamber.org
"SmartFlow Strategies, LLC",Moreno Valley,CA,92551,8058077454,,https://business.movalchamber.org/list/member/smartflow-strategies-llc-3507,movalchamber.org
Soapbox Laundry Room LLC,Moreno Valley,CA,92553,9097777627,,https://business.movalchamber.org/list/member/soapbox-laundry-room-llc-3540,movalchamber.org
Soroptimist International of MV,Moreno Valley,CA,92557,9514861273,,https://business.movalchamber.org/list/member/soroptimist-international-of-mv-1241,movalchamber.org
Southpointe Shopping Center,Moreno Valley,CA,92553,7142835800,,https://business.movalchamber.org/list/member/southpointe-shopping-center-moreno-valley-1388,movalchamber.org
Starbucks,Moreno Valley,CA,92553,9513053715,,https://business.movalchamber.org/list/member/starbucks-3566,movalchamber.org
"State Farm Insurance, Jeremy Garzon Agent",Moreno Valley,CA,92553,9516531300,,https://business.movalchamber.org/list/member/state-farm-insurance-jeremy-garzon-agent-1673,movalchamber.org
"Steer 'N Stein of MV, Inc.",Moreno Valley,CA,92553,9512438799,,https://business.movalchamber.org/list/member/steer-n-stein-of-mv-inc-1569,movalchamber.org
"Stewart, Richard",Moreno Valley,CA,92552,,,https://business.movalchamber.org/list/member/stewart-richard-1718,movalchamber.org
Sundance Plaza LLC,Moreno Valley,CA,92553,,,https://business.movalchamber.org/list/member/sundance-plaza-llc-1598,movalchamber.org
Sunnymead Ranch Dental Center,Moreno Valley,CA,92557,9512428282,,https://business.movalchamber.org/list/member/sunnymead-ranch-dental-center-2863,movalchamber.org
Sunnymead Ranch PCA,Moreno Valley,CA,92557,9519242249,,https://business.movalchamber.org/list/member/sunnymead-ranch-pca-1254,movalchamber.org
SuperStorage,Moreno Valley,CA,92553,9519241875,,https://business.movalchamber.org/list/member/superstorage-3580,movalchamber.org
Synergy Real Estate Group,Moreno Valley,CA,92553,9513313315,,https://business.movalchamber.org/list/member/synergy-real-estate-group-3226,movalchamber.org
The ARC of Riverside County - MV Resource Center,Moreno Valley,CA,92557,9512755344,,https://business.movalchamber.org/list/member/the-arc-of-riverside-county-mv-resource-center-1085,movalchamber.org
The Church of Jesus Christ of Latter-Day Saints,Moreno Valley,CA,92557,,,https://business.movalchamber.org/list/member/the-church-of-jesus-christ-of-latter-day-saints-2853,movalchamber.org
The Cupcake and Espresso Bar,Moreno Valley,CA,92553,9516530037,,https://business.movalchamber.org/list/member/the-cupcake-and-espresso-bar-moreno-valley-2850,movalchamber.org
The Cupcake And Espresso Bar,Moreno Valley,CA,92557,9516012039,,https://business.movalchamber.org/list/member/the-cupcake-and-espresso-bar-moreno-valley-951-601-2039-3221,movalchamber.org
"The Part-Time CFO, Inc.",Moreno Valley,CA,92553,9516535053,,https://business.movalchamber.org/list/member/the-part-time-cfo-inc-1614,movalchamber.org
The Salvation Army,Moreno Valley,CA,92553,9517844490,,https://business.movalchamber.org/list/member/the-salvation-army-1362,movalchamber.org
Toolots Foreign Trade Zone,Moreno Valley,CA,92551,5626126399,,https://business.movalchamber.org/list/member/toolots-foreign-trade-zone-3300,movalchamber.org
Trinidad Safety Construction,Moreno Valley,CA,92553,9513220963,,https://business.movalchamber.org/list/member/trinidad-safety-construction-3364,movalchamber.org
TrueCare,Moreno Valley,CA,92553,7606884905,,https://business.movalchamber.org/list/member/truecare-3522,movalchamber.org
Tucker's Tax Service,Moreno Valley,CA,92553,9519245421,,https://business.movalchamber.org/list/member/tucker-s-tax-service-moreno-valley-1130,movalchamber.org
U. S. Army Recruiting Company Temecula,Moreno Valley,CA,92553,9516944102,,https://business.movalchamber.org/list/member/u-s-army-recruiting-company-temecula-3325,movalchamber.org
"United Material Handling, Inc.",Moreno Valley,CA,92551,9518888910,,https://business.movalchamber.org/list/member/united-material-handling-inc-3021,movalchamber.org
Valvoline,Moreno Valley,CA,92557,9512471873,,https://business.movalchamber.org/list/member/valvoline-3113,movalchamber.org
Veterans of Foreign Wars Alessandro Post 8547,Moreno Valley,,92553,9516567756,,https://business.movalchamber.org/list/member/veterans-of-foreign-wars-alessandro-post-8547-2837,movalchamber.org
Via Del Lago Apartment Homes,Moreno Valley,CA,92555,7145859319,,https://business.movalchamber.org/list/member/via-del-lago-apartment-homes-3537,movalchamber.org
VIP Healthcare Services LLC dba Verity Healthcare Services LLC,Moreno Valley,CA,92557,9515814922,,https://business.movalchamber.org/list/member/vip-healthcare-services-llc-dba-verity-healthcare-services-llc-3497,movalchamber.org
Walgreens Distribution Center,Moreno Valley,CA,92557,9516013000,,https://business.movalchamber.org/list/member/walgreens-distribution-center-moreno-valley-1301,movalchamber.org
Waste Management,Moreno Valley,CA,92551,9512805462,,https://business.movalchamber.org/list/member/waste-management-moreno-valley-1296,movalchamber.org
William J Saylor Photography,Moreno Valley,CA,92555,9498363856,,https://business.movalchamber.org/list/member/william-j-saylor-photography-3471,movalchamber.org
"Winchester Associates, Inc.",Moreno Valley,CA,92553,9519245425,,https://business.movalchamber.org/list/member/winchester-associates-inc-1746,movalchamber.org
WoodSpring Suites,Moreno Valley,CA,92557,9518428003,,https://business.movalchamber.org/list/member/woodspring-suites-3381,movalchamber.org
Writers Lane Solutions,Moreno Valley,CA,92553,9515670211,,https://business.movalchamber.org/list/member/writers-lane-solutions-3441,movalchamber.org
